[
	//capabilities目前只支持touch、mobile两种设定
	//screen下定义垂直和水平方向的分辨率，为实际物理像素除以device-pixel-ratio
	//orientation标识默认的显示方向
    {
        "title": "iPhone 6/7/8",
        "user-agent": "Mozilla/5.0 (iPhone; CPU iPhone OS 11_0 like Mac OS X) AppleWebKit/604.1.38 (KHTML, like Gecko) Version/11.0 Mobile/15A372 Safari/604.1",
        "capabilities": [
            "touch",
            "mobile"
        ],
        "screen": {
            "device-pixel-ratio": 2,
            "vertical": {
                "width": 375,
                "height": 667
            },
            "horizontal": {
                "width": 667,
                "height": 375
            }
        },
        "orientation": "vertical"
    },
    {
        "title": "iPhone 4",
        "user-agent": "Mozilla/5.0 (iPhone; CPU iPhone OS 7_1_2 like Mac OS X) AppleWebKit/537.51.2 (KHTML, like Gecko) Version/7.0 Mobile/11D257 Safari/9537.53",
        "capabilities": [
            "touch",
            "mobile"
        ],
        "screen": {
            "device-pixel-ratio": 2,
            "vertical": {
                "width": 320,
                "height": 480
            },
            "horizontal": {
                "width": 480,
                "height": 320
            }
        },
        "orientation": "vertical"
    },
    {
        "title": "iPhone 5/SE",
        "user-agent": "Mozilla/5.0 (iPhone; CPU iPhone OS 10_3_1 like Mac OS X) AppleWebKit/603.1.30 (KHTML, like Gecko) Version/10.0 Mobile/14E304 Safari/602.1",
        "capabilities": [
            "touch",
            "mobile"
        ],
        "screen": {
            "device-pixel-ratio": 2,
            "vertical": {
                "width": 320,
                "height": 568
            },
            "horizontal": {
                "width": 568,
                "height": 320
            }
        },
        "orientation": "vertical"
    },
    {
        "title": "iPhone Plus",
        "user-agent": "Mozilla/5.0 (iPhone; CPU iPhone OS 11_0 like Mac OS X) AppleWebKit/604.1.38 (KHTML, like Gecko) Version/11.0 Mobile/15A372 Safari/604.1",
        "capabilities": [
            "touch",
            "mobile"
        ],
        "screen": {
            "device-pixel-ratio": 3,
            "vertical": {
                "width": 414,
                "height": 736
            },
            "horizontal": {
                "width": 736,
                "height": 414
            }
        },
        "orientation": "vertical"
    },
    {
        "title": "iPhone X",
        "user-agent": "Mozilla/5.0 (iPhone; CPU iPhone OS 11_0 like Mac OS X) AppleWebKit/604.1.38 (KHTML, like Gecko) Version/11.0 Mobile/15A372 Safari/604.1",
        "capabilities": [
            "touch",
            "mobile"
        ],
        "screen": {
            "device-pixel-ratio": 3,
            "vertical": {
                "width": 375,
                "height": 812
            },
            "horizontal": {
                "width": 812,
                "height": 375
            }
        },
        "orientation": "vertical"
    },
	{
        "title": "iPhone XS",
        "user-agent": "Mozilla/5.0 (iPhone; CPU iPhone OS 11_0 like Mac OS X) AppleWebKit/604.1.38 (KHTML, like Gecko) Version/11.0 Mobile/15A372 Safari/604.1",
        "capabilities": [
            "touch",
            "mobile"
        ],
        "screen": {
            "device-pixel-ratio": 3,
            "vertical": {
                "width": 375,
                "height": 812
            },
            "horizontal": {
                "width": 812,
                "height": 375
            }
        },
        "orientation": "vertical"
    },
	{
        "title": "iPhone XR",
        "user-agent": "Mozilla/5.0 (iPhone; CPU iPhone OS 11_0 like Mac OS X) AppleWebKit/604.1.38 (KHTML, like Gecko) Version/11.0 Mobile/15A372 Safari/604.1",
        "capabilities": [
            "touch",
            "mobile"
        ],
        "screen": {
            "device-pixel-ratio": 2,
            "vertical": {
                "width": 414,
                "height": 896
            },
            "horizontal": {
                "width": 896,
                "height": 414
            }
        },
        "orientation": "vertical"
    },
	{
        "title": "iPhone XS MAX",
        "user-agent": "Mozilla/5.0 (iPhone; CPU iPhone OS 11_0 like Mac OS X) AppleWebKit/604.1.38 (KHTML, like Gecko) Version/11.0 Mobile/15A372 Safari/604.1",
        "capabilities": [
            "touch",
            "mobile"
        ],
        "screen": {
            "device-pixel-ratio": 3,
            "vertical": {
                "width": 414,
                "height": 896
            },
            "horizontal": {
                "width": 896,
                "height": 414
            }
        },
        "orientation": "vertical"
    },
	{
        "title": "iPad Mini",
        "user-agent": "Mozilla/5.0 (iPad; CPU OS 11_0 like Mac OS X) AppleWebKit/604.1.34 (KHTML, like Gecko) Version/11.0 Mobile/15A5341f Safari/604.1",
        "capabilities": [
            "touch",
            "mobile"
        ],
        "screen": {
            "device-pixel-ratio": 2,
            "vertical": {
                "width": 768,
                "height": 1024
            },
            "horizontal": {
                "width": 1024,
                "height": 768
            }
        },
        "orientation": "vertical"
    },
    {
        "title": "iPad",
        "user-agent": "Mozilla/5.0 (iPad; CPU OS 11_0 like Mac OS X) AppleWebKit/604.1.34 (KHTML, like Gecko) Version/11.0 Mobile/15A5341f Safari/604.1",
        "capabilities": [
            "touch",
            "mobile"
        ],
        "screen": {
            "device-pixel-ratio": 2,
            "vertical": {
                "width": 768,
                "height": 1024
            },
            "horizontal": {
                "width": 1024,
                "height": 768
            }
        },
        "orientation": "vertical"
    },
    {
        "title": "iPad Pro",
        "user-agent": "Mozilla/5.0 (iPad; CPU OS 11_0 like Mac OS X) AppleWebKit/604.1.34 (KHTML, like Gecko) Version/11.0 Mobile/15A5341f Safari/604.1",
        "capabilities": [
            "touch",
            "mobile"
        ],
        "screen": {
            "device-pixel-ratio": 2,
            "vertical": {
                "width": 1024,
                "height": 1366
            },
            "horizontal": {
                "width": 1366,
                "height": 1024
            }
        },
        "orientation": "vertical"
    },
    {
        "title": "Nexus 4",
        "user-agent": "Mozilla/5.0 (Linux; Android 4.4.2; Nexus 4 Build/KOT49H) AppleWebKit/537.36 (KHTML, like Gecko) Chrome/71.0.3578.80 Mobile Safari/537.36",
        "capabilities": [
            "touch",
            "mobile"
        ],
        "screen": {
            "device-pixel-ratio": 2,
            "vertical": {
                "width": 384,
                "height": 640
            },
            "horizontal": {
                "width": 640,
                "height": 384
            }
        },
        "orientation": "vertical"
    },
    {
        "title": "Nexus 5",
        "user-agent": "Mozilla/5.0 (Linux; Android 6.0; Nexus 5 Build/MRA58N) AppleWebKit/537.36 (KHTML, like Gecko) Chrome/71.0.3578.80 Mobile Safari/537.36",
        "capabilities": [
            "touch",
            "mobile"
        ],
        "screen": {
            "device-pixel-ratio": 3,
            "vertical": {
                "width": 360,
                "height": 640
            },
            "horizontal": {
                "width": 640,
                "height": 360
            }
        },
        "orientation": "vertical"
    },
    {
        "title": "Nexus 5X",
        "user-agent": "Mozilla/5.0 (Linux; Android 8.0.0; Nexus 5X Build/OPR4.170623.006) AppleWebKit/537.36 (KHTML, like Gecko) Chrome/71.0.3578.80 Mobile Safari/537.36",
        "capabilities": [
            "touch",
            "mobile"
        ],
        "screen": {
            "device-pixel-ratio": 2.625,
            "vertical": {
                "width": 412,
                "height": 732
            },
            "horizontal": {
                "width": 732,
                "height": 412
            }
        },
        "orientation": "vertical"
    },
    {
        "title": "Nexus 6",
        "user-agent": "Mozilla/5.0 (Linux; Android 7.1.1; Nexus 6 Build/N6F26U) AppleWebKit/537.36 (KHTML, like Gecko) Chrome/71.0.3578.80 Mobile Safari/537.36",
        "capabilities": [
            "touch",
            "mobile"
        ],
        "screen": {
            "device-pixel-ratio": 3.5,
            "vertical": {
                "width": 412,
                "height": 732
            },
            "horizontal": {
                "width": 732,
                "height": 412
            }
        },
        "orientation": "vertical"
    },
    {
        "title": "Nexus 6P",
        "user-agent": "Mozilla/5.0 (Linux; Android 8.0.0; Nexus 6P Build/OPP3.170518.006) AppleWebKit/537.36 (KHTML, like Gecko) Chrome/71.0.3578.80 Mobile Safari/537.36",
        "capabilities": [
            "touch",
            "mobile"
        ],
        "screen": {
            "device-pixel-ratio": 3.5,
            "vertical": {
                "width": 412,
                "height": 732
            },
            "horizontal": {
                "width": 732,
                "height": 412
            }
        },
        "orientation": "vertical"
    },
    {
        "title": "Nexus 7",
        "user-agent": "Mozilla/5.0 (Linux; Android 6.0.1; Nexus 7 Build/MOB30X) AppleWebKit/537.36 (KHTML, like Gecko) Chrome/71.0.3578.80 Safari/537.36",
        "capabilities": [
            "touch",
            "mobile"
        ],
        "screen": {
            "device-pixel-ratio": 2,
            "vertical": {
                "width": 600,
                "height": 960
            },
            "horizontal": {
                "width": 960,
                "height": 600
            }
        },
        "orientation": "vertical"
    },
    {
        "title": "Pixel 2",
        "user-agent": "Mozilla/5.0 (Linux; Android 8.0; Pixel 2 Build/OPD3.170816.012) AppleWebKit/537.36 (KHTML, like Gecko) Chrome/71.0.3578.80 Mobile Safari/537.36",
        "capabilities": [
            "touch",
            "mobile"
        ],
        "screen": {
            "device-pixel-ratio": 2.625,
            "vertical": {
                "width": 411,
                "height": 731
            },
            "horizontal": {
                "width": 731,
                "height": 411
            }
        },
        "orientation": "vertical"
    },
    {
        "title": "Pixel 2 XL",
        "user-agent": "Mozilla/5.0 (Linux; Android 8.0.0; Pixel 2 XL Build/OPD1.170816.004) AppleWebKit/537.36 (KHTML, like Gecko) Chrome/71.0.3578.80 Mobile Safari/537.36",
        "capabilities": [
            "touch",
            "mobile"
        ],
        "screen": {
            "device-pixel-ratio": 3.5,
            "vertical": {
                "width": 411,
                "height": 823
            },
            "horizontal": {
                "width": 823,
                "height": 411
            }
        },
        "orientation": "vertical"
    }
]