{
  "g-link": {
    "attributes": [
      "to",
      "replace",
      "append",
      "tag",
      "active-class",
      "exact",
      "event",
      "exact-active-class"
    ],
    "defaults": [":to"],
    "description": "Component for routing. Same as <router-link> now."
  },
  "g-image": {
    "attributes": [
      "src",
      "width",
      "height",
      "alt",
      "fit",
      "background",
      "immediate",
      "blur",
      "quality",
      "cover",
      "contain",
      "fill",
      "inside",
      "outside"
    ],
    "defaults": [":src"],
    "description": "description for <g-image>"
  },
  "Pager": {
    "attributes": [
      "info",
      "showLinks",
      "showNavigation",
      "linkClass",
      "firstLabel",
      "prevLabel",
      "nextLabel",
      "lastLabel",
      "ariaLabel",
      "ariaLinkLabel",
      "ariaFirstLabel",
      "ariaCurrentLabel",
      "ariaPrevLabel",
      "ariaNextLabel",
      "ariaLastLabel"
    ],
    "defaults": [":info"],
    "description": "description for <Pager>"
  }
}
