{
	"$schema": "vscode://schemas/color-theme",
	"name": "Light Default Colors",
	"colors": {
        "mainWindow.border": "#D2CA9E",
		"toolBar.background": "#FFFEFA",
		"statusBar.background": "#FFFDF4",
		"tab.hoverBackground":"#DAEACE",
		"editorGroup.dropBackground":"#41A863",
		"editorSuggestWidget.link":"#232ECE",
		"settings.dropdownForeground": "#282828",
		"settings.dropdownBorder": "#dcd0a8",
		"settings.dropdownBackground": "#FFFDF5",
		"settings.dropdownListBorder": "#dcd0a8",
		"console.background":"#fffcf3",
		"terminal.background": "#FFFCF3",
		"terminal.foreground": "#444444",
		"terminal.selection": "rgba(188,214,141, 0.4)",
		"terminal.cursor": "#41A863",
		"terminal.yellow":"#657B83",
		"terminal.ansiBrightYellow": "#657B83",
		"editor.tab.background": "#FFFAE8",
		"tab.underline": "#41A863",
		"mainsplitter.tab.padding": "2px 1px 2px 6px",
		"mainsplitter.tab.paddingtop":"1px",
		"mainsplitter.tab.marginTop":"10px",
		"mainsplitter.tab.marginBottom":"10px",
		"mainsplitter.tab.marginleft":"16px",
		"mainsplitter.tab.minwidth":"100",
		"mainsplitter.tab.minheight":"10",
        "explorer.file.status.modified":"#ab7e05",
        "explorer.file.status.untracked":"#49998d",
        "explorer.file.status.added":"#ea8f1a",
        "explorer.file.status.conflicted":"#6C6CC4",
        "explorer.file.status.rename":"#ea8f1a",
        "explorer.file.status.marktext":"#FFFAE8",
        "logview.file.action.modified":"#0050BC",
        "logview.file.action.deleted":"#A90000",
        "logview.file.action.added":"#3C8746",
        "logview.file.action.rename":"#479651",
        "filediff.line.add":"#C4EEEA",
        "filediff.line.delete":"#B1D0F8",
        "filediff.line.empty":"#999999",
        "filediff.inline.base":"#408BED",
        "filediff.inline.modify":"#29C2B2",
	"outlineBackground":"#FFFAE8",
	"expanded_xpm1":"#41A863",
	"expanded_xpm2":"#44A965",
	"expanded_xpm3":"#57B273",
	"expanded_xpm4":"#5AB375",
	"expanded_xpm5":"#FFFAE8",
	"collapsed_xpm1":"#41A863",
	"collapsed_xpm2":"gray100",
		"outlineBackground":"#FFFAE8",
        "funcassist_foreground":"#706f6a",
        "funcassist_background":"#fefbf1",
        "funcassist_flag":"#41a863",
        "editorSuggestWidget.selectedBackground": "#E8E7E5",
        "browser.scrollcontainer.background": "#FAFAFA",
		"browser.devicelistbox.border":"#41A863",
		"browser.devicelistbox.disable":"#999999",
        "browser.devicelistbox.border.disable":"#A2DBAD",
        "welcomepage.action.foreground": "#8F8253",
        "welcomepage.action.hover.foreground": "#26A95E",
        "menubar.background": "#FFFEFA",
        "menubar.foreground": "black",
        "menubar.item.selected.background": "#ebebeb",
        "titlebar.appicon.color":"#1B9F35",
        "titlebar.sysmenu.foreground": "#8e7f56",
        "titlebar.sysmenu.hover.background": "#D9D5C7",
        "menu.border.color": "#e3e3e3",
        "menu.background": "#FFFEFA",
        "menu.foreground": "black",
        "menu.separator.color": "#cfcfcf",
        "menu.item.selected.background": "#5EA4EB",
        "menu.item.selected.foreground": "white",
        "scrollbarSlider.contrastBackground":"#FAF3DB",
        "scrollbarSlider.contrastHoverBackground": "#F5ECCF",
        "localhistoryview.headerview.background": "#FFFAE8",
        "minimap.handle.background": "#B8AE91",
        "minimap.indic.sameword.color": "#F27F3D",
        "minimap.indic.tagmatch.color": "#999999",
        "scrollbarpreview.shadow": "#A1A1A1",
        "scrollbarpreview.mask.border":"#CFB56A",
        "scrollbarpreview.mask.highlight": "#ffffff"
	},
	"tokenColors": [
		{
			"settings": {
				"background": "#FDF6E3",
                "foreground": "#657B83"
			}
		},
		{
            "scope": ["meta.embedded", "source.groovy.embedded"],
			"settings": {
				"foreground": "#657B83"
			}
		},
        {
            "scope": "meta.property-name",
            "settings": {
                "foreground": "#3c7a03"
            }
        },
        {
            "scope":"meta.image.inline.markdown",
            "settings": {
                "foreground": "#373224"
            }
        },
        {
            "scope":"markup.underline.link.image.markdown",
            "settings": {
                "foreground": "#1564E6"
            }
        },
        {
            "scope":"string.other.link.description.image.title.markdown",
            "settings": {
                "foreground": "#EA465C"
            }
        },
        {
            "scope":"text.html.markdown",
            "settings": {
                "foreground": "#373224"
            }
        },
		{
			"name": "Comment",
			"scope": "comment",
			"settings": {
				"fontStyle": "italic",
				"foreground": "#93A1A1"
			}
		},
        {
            "name": "Comment",
            "scope": "punctuation.definition.comment",
            "settings": {
                "fontStyle": "italic",
                "foreground": "#93A1A1"
            }
        },
        {
            "name": "Conditional Comment Keyword",
            "scope": "comment.conditional.keyword",
            "settings": {
                "foreground": "#859900"
            }
        },
        {
            "name": "Conditional Comment Defined",
            "scope": "comment.conditional.define",
            "settings": {
                "foreground": "#268BD2",
                "fontStyle": "bold"
            }
        },
        {
			"name": "String",
			"scope": "string",
			"settings": {
                "foreground": "#248C85"
			}
		},
        {
            "name": "String Other Link Description",
            "scope": "string.other.link.description.markdown",
            "settings": {
                "foreground": "#EA465C"
            }
        },
        {
            "name": "String Other Link Title",
            "scope": "string.other.link.title.markdown",
            "settings": {
                "foreground": "#1A9F00"
            }
        },
		{
			"name": "Regexp",
			"scope": "string.regexp",
			"settings": {
				"foreground": "#D30102"
			}
		},
		{
			"name": "Number",
			"scope": "constant.numeric",
			"settings": {
				"foreground": "#D33682"
			}
		},
		{
			"name": "Variable",
			"scope": [
				"variable.language",
                "variable.scss"
			],
			"settings": {
				"foreground": "#268BD2"
			}
		},
		{
			"name": "Keyword",
			"scope": "keyword",
			"settings": {
				"foreground": "#859900"
			}
		},
		{
			"name": "Storage",
			"scope": "storage",
			"settings": {
				"foreground": "#073642"
			}
		},
        {
            "name": "Storage",
            "scope": "storage.type",
            "settings": {
                "fontStyle": "italic",
                "foreground": "#364BC0"
            }
        },
		{
			"name": "Class name",
			"scope": [
				"entity.name.class",
				"entity.name.type"
			],
			"settings": {
				"foreground": "#268BD2"
			}
		},
		{
			"name": "Function name",
			"scope": "entity.name.function",
			"settings": {
                "foreground": "#ae7a00"
			}
		},
		{
			"name": "Variable start",
			"scope": "punctuation.definition.variable",
			"settings": {
				"foreground": "#859900"
			}
        },
        {
            "name": "List Start",
            "scope": "beginning.punctuation.definition.list.markdown",
            "settings": {
                "foreground": "#4E3B00"
            }
        },
        {
            "name": "Todo",
            "scope": "punctuation.definition.todo.markdown",
            "settings": {
                "foreground": "#E60000"
            }
        },
        {
            "name": "List Start",
            "scope": "beginning.punctuation.definition.numbered.list.markdown",
            "settings": {
                "foreground": "#4E759D"
            }
        },
		{
			"name": "Embedded code markers",
			"scope": [
				"punctuation.section.embedded.begin",
				"punctuation.section.embedded.end"
			],
			"settings": {
				"foreground": "#D30102"
			}
		},
		{
			"name": "Built-in constant",
			"scope": [
				"constant.language",
				"meta.preprocessor"
			],
			"settings": {
				"foreground": "#B58900"
			}
		},
		{
			"name": "Support.construct",
			"scope": [
				"support.function.construct",
				"keyword.other.new"
			],
			"settings": {
				"foreground": "#D30102"
			}
		},
		{
			"name": "User-defined constant",
			"scope": [
				"constant.character",
				"constant.other"
			],
			"settings": {
				"foreground": "#CB4B16"
			}
		},
		{
			"name": "Inherited class",
			"scope": "entity.other.inherited-class",
			"settings": {}
		},
		{
			"name": "Function argument",
			"scope": "variable.parameter",
			"settings": {}
		},
		{
			"name": "Tag name",
			"scope": "entity.name.tag",
			"settings": {
                "foreground": "#2367C7"
			}
		},
		{
			"name": "Tag start/end",
			"scope": [
				"punctuation.definition.tag.begin",
                "punctuation.definition.tag.end",
                "punctuation.definition.tag"
			],
			"settings": {
                "foreground": "#2367C7"
			}
		},
		{
			"name": "Tag attribute",
			"scope": "entity.other.attribute-name",
			"settings": {
                "foreground": "#cb2d01"
			}
		},
		{
			"name": "Library function",
			"scope": "support.function",
			"settings": {
				"foreground": "#268BD2"
			}
		},
		{
			"name": "Continuation",
			"scope": "punctuation.separator.continuation",
			"settings": {
				"foreground": "#D30102"
			}
		},
		{
			"name": "Library constant",
			"scope": "support.constant",
			"settings": {}
		},
		{
			"name": "Library class/type",
			"scope": [
				"support.type",
				"support.class"
			],
			"settings": {
                "foreground": "#3C7A03"
			}
		},
		{
			"name": "Library Exception",
			"scope": "support.type.exception",
			"settings": {
				"foreground": "#CB4B16"
			}
		},
		{
			"name": "Library variable",
			"scope": "support.other.variable",
			"settings": {}
		},
		{
			"name": "Invalid",
			"scope": "invalid",
			"settings": {}
		},
		{
			"name": "diff: header",
			"scope": [
				"meta.diff",
				"meta.diff.header"
			],
			"settings": {
				"background": "#b58900",
				"fontStyle": "italic",
				"foreground": "#E0EDDD"
			}
		},
		{
			"name": "diff: deleted",
			"scope": "markup.deleted",
			"settings": {
				"background": "#eee8d5",
				"fontStyle": "",
				"foreground": "#dc322f"
			}
		},
        {
            "name": "Underline Link",
            "scope": "markup.underline.link.markdown",
            "settings": {
                "foreground": "#1564E6"
            }
        },
		{
			"name": "diff: changed",
			"scope": "markup.changed",
			"settings": {
				"background": "#eee8d5",
				"fontStyle": "",
				"foreground": "#cb4b16"
			}
		},
		{
			"name": "diff: inserted",
			"scope": "markup.inserted",
			"settings": {
				"background": "#eee8d5",
				"foreground": "#219186"
			}
		},
		{
			"name": "Markup Quote",
            "scope": "markup.quote.markdown",
			"settings": {
                "foreground": "#C05384",
                "fontStyle":"italic"
			}
		},
        {
            "name": "Markup Lists Numbered",
            "scope": "markup.list.numbered.markdown",
            "settings": {
                "foreground": "#35485c"
            }
        },
        {
            "name": "Markup Lists Unnumbered",
            "scope": "markup.list.unnumbered.markdown",
            "settings": {
                "foreground": "#8d634a"
            }
        },
        {
            "name": "Markup Fenced_code",
            "scope": "markup.fenced_code.block.markdown",
            "settings": {
                "foreground": "#325390",
                "background": "#FFFAE8",
                "fontStyle": "italic|filled"
            }
        },
        {
            "name": "Markup numbered list bold Styling",
            "scope": [
                        "text.html.markdown markup.list.numbered.markdown meta.paragraph.markdown markup.bold.markdown",
                        "text.html.markdown markup.list.numbered.markdown meta.paragraph.markdown markup.bold.markdown punctuation.definition.bold.markdown"
                     ],
            "settings": {
                "fontStyle":"bold",
                "foreground": "#35485c"
            }
        },
        {
            "name": "Markup txt bold Styling",
            "scope": [
                        "text.html.markdown meta.paragraph.markdown markup.bold.markdown",
                        "text.html.markdown meta.paragraph.markdown markup.bold.markdown punctuation.definition.bold.markdown"
                     ],
            "settings": {
                "fontStyle":"bold",
                "foreground": "#373224"
            }
        },
        {
            "name": "Markup h1 bold Styling",
            "scope": [
                        "text.html.markdown markup.heading.h1.markdown entity.name.section.markdown markup.bold.markdown",
                        "text.html.markdown markup.heading.h1.markdown entity.name.section.markdown markup.bold.markdown punctuation.definition.bold.markdown"
                     ],
            "settings": {
                "foreground": "#154431",
                "fontStyle": "bold"
            }
        },
        {
            "name": "Markup h2 bold Styling",
            "scope": [
                        "text.html.markdown markup.heading.h2.markdown entity.name.section.markdown markup.bold.markdown",
                        "text.html.markdown markup.heading.h2.markdown entity.name.section.markdown markup.bold.markdown punctuation.definition.bold.markdown"
                     ],
            "settings": {
                "foreground": "#10642c",
                "fontStyle": "bold"
            }
        },
        {
            "name": "Markup h3 bold Styling",
            "scope": [
                        "text.html.markdown markup.heading.h3.markdown entity.name.section.markdown markup.bold.markdown",
                        "text.html.markdown markup.heading.h3.markdown entity.name.section.markdown markup.bold.markdown punctuation.definition.bold.markdown"
                     ],
            "settings": {
                "foreground": "#09734f",
                "fontStyle": "bold"
            }
        },
        {
            "name": "Markup h4 bold Styling",
            "scope": [
                        "text.html.markdown markup.heading.h4.markdown entity.name.section.markdown markup.bold.markdown",
                        "text.html.markdown markup.heading.h4.markdown entity.name.section.markdown markup.bold.markdown punctuation.definition.bold.markdown"
                     ],
            "settings": {
                "foreground": "#15936d",
                "fontStyle": "bold"
            }
        },
        {
            "name": "Markup quote bold Styling",
            "scope": [
                        "text.html.markdown markup.quote.markdown meta.paragraph.markdown markup.bold.markdown",
                        "text.html.markdown markup.quote.markdown meta.paragraph.markdown markup.bold.markdown punctuation.definition.bold.markdown"
                     ],
            "settings": {
                "foreground": "#C05384",
                "fontStyle": "bold|italic"
            }
        },
        {
            "name": "Markup unnumbered list bold Styling",
            "scope": [
                        "text.html.markdown markup.list.unnumbered.markdown meta.paragraph.markdown markup.bold.markdown",
                        "text.html.markdown markup.list.unnumbered.markdown meta.paragraph.markdown markup.bold.markdown punctuation.definition.bold.markdown"
                     ],
            "settings": {
                "foreground": "#8d634a",
                "fontStyle":"bold"
            }
        },
		{
			"name": "Markup Styling",
            "scope": "markup.bold.markdown",
			"settings": {
                "fontStyle":"bold"
			}
		},
        {
            "name": "Markup Styling",
            "scope": "markup.italic.markdown",
            "settings": {
                "fontStyle":"italic"
            }
        },
        {
            "name": "Markup Dividingline",
            "scope": [
                "markup.dividingline.markdown"
            ],
            "settings": {
                "foreground": "#B7AF94"
            }
        },
        {
            "name": "Markup CommonDividingline",
            "scope": [
                "markup.commondividingline.markdown"
            ],
            "settings": {
                "foreground": "#2B2922"
            }
        },
		{
			"name": "Markup Inline",
            "scope": "markup.inline.raw.string.markdown",
			"settings": {
				"fontStyle": "",
                "foreground": "#db0eb7"
			}
		},
		{
            "name": "Markup Headings H1",
            "scope": "markup.heading.h1.markdown",
			"settings": {
                "foreground": "#154431",
                "fontStyle": "bold"
			}
		},
        {
            "name": "Markup Headings H2",
            "scope": "markup.heading.h2.markdown",
            "settings": {
                "foreground": "#10642c",
                "fontStyle": "bold"
            }
        },
        {
            "name": "Markup Headings H3",
            "scope": "markup.heading.h3.markdown",
            "settings": {
                "foreground": "#09734f",
                "fontStyle": "bold"
            }
        },
        {
            "name": "Markup Headings H4",
            "scope": "markup.heading.h4.markdown",
            "settings": {
                "foreground": "#15936d",
                "fontStyle": "bold"
            }
        },
		{
			"name": "Markup Setext Header",
			"scope": "markup.heading.setext",
			"settings": {
				"fontStyle": "",
				"foreground": "#268BD2"
			}
		}
	]
}
